ProductID,ProductName,CurrentStock
---------,-----------,------------
859,Half-Finger Gloves, M,0
853,Women's Tights, M,0
876,Hitch Rack - 4-Bike,0
882,Short-Sleeve Classic Jersey, M,0
883,Short-Sleeve Classic Jersey, L,36
877,Bike Wash - Dissolver,36
854,Women's Tights, L,36
860,Half-Finger Gloves, L,36
492,Paint - Black,47
494,Paint - Silver,65
861,Full-Finger Gloves, S,72
842,Touring-Panniers, Large,72
855,Men's Bib-Shorts, S,72
884,Short-Sleeve Classic Jersey, XL,72
956,Touring-1000 Yellow, 54,75
493,Paint - Red,93
496,Paint - Yellow,99
880,Hydration Pack - 70 oz.,108
856,Men's Bib-Shorts, M,108
878,Fender Set - Mountain,108
849,Men's Sports Shorts, M,108
862,Full-Finger Gloves, M,108
495,Paint - Blue,109
752,Road-150 Red, 52,128
788,Mountain-300 Black, 48,128
800,Road-550-W Yellow, 44,129
756,Road-450 Red, 44,129
969,Touring-1000 Blue, 60,129
972,Touring-2000 Blue, 54,129
968,Touring-1000 Blue, 54,133
970,Touring-2000 Blue, 46,133
975,Road-350-W Yellow, 44,133
749,Road-150 Red, 62,133
769,Road-650 Black, 48,133
798,Road-550-W Yellow, 40,133
801,Road-550-W Yellow, 48,134
793,Road-250 Black, 44,134
765,Road-650 Black, 58,134
757,Road-450 Red, 48,134
755,Road-450 Red, 60,137
762,Road-650 Red, 44,137
784,Mountain-200 Black, 46,137
785,Mountain-300 Black, 38,137
779,Mountain-200 Silver, 38,137
955,Touring-1000 Yellow, 50,137
781,Mountain-200 Silver, 46,140
787,Mountain-300 Black, 44,140
764,Road-650 Red, 52,140
751,Road-150 Red, 48,140
713,Long-Sleeve Logo Jersey, S,144
863,Full-Finger Gloves, L,144
850,Men's Sports Shorts, L,144
879,All-Purpose Bike Stand,144
857,Men's Bib-Shorts, L,144
846,Taillights - Battery-Powered,144
967,Touring-1000 Blue, 50,148
974,Road-350-W Yellow, 42,148
954,Touring-1000 Yellow, 46,148
754,Road-450 Red, 58,148
761,Road-650 Red, 62,148
796,Road-250 Black, 58,148
797,Road-550-W Yellow, 38,148
768,Road-650 Black, 44,148
783,Mountain-200 Black, 42,148
791,Road-250 Red, 52,148
777,Mountain-100 Black, 44,149
771,Mountain-100 Silver, 38,149
980,Mountain-400-W Silver, 38,150
989,Mountain-500 Black, 40,150
957,Touring-1000 Yellow, 60,151
990,Mountain-500 Black, 42,153
986,Mountain-500 Silver, 44,153
981,Mountain-400-W Silver, 40,153
977,Road-750 Black, 58,153
993,Mountain-500 Black, 52,153
997,Road-750 Black, 44,153
772,Mountain-100 Silver, 42,153
778,Mountain-100 Black, 48,153
982,Mountain-400-W Silver, 42,154
984,Mountain-500 Silver, 40,154
991,Mountain-500 Black, 44,154
987,Mountain-500 Silver, 48,155
998,Road-750 Black, 48,155
775,Mountain-100 Black, 38,155
773,Mountain-100 Silver, 44,158
960,Touring-3000 Blue, 62,159
963,Touring-3000 Yellow, 54,162
965,Touring-3000 Yellow, 62,163
978,Touring-3000 Blue, 44,163
958,Touring-3000 Blue, 54,163
759,Road-650 Red, 58,163
753,Road-150 Red, 56,163
789,Road-250 Red, 44,163
774,Mountain-100 Silver, 48,164
979,Touring-3000 Blue, 50,164
983,Mountain-400-W Silver, 46,164
985,Mountain-500 Silver, 42,164
992,Mountain-500 Black, 48,164
953,Touring-2000 Blue, 60,165
766,Road-650 Black, 60,165
758,Road-450 Red, 52,165
794,Road-250 Black, 48,165
961,Touring-3000 Yellow, 44,168
962,Touring-3000 Yellow, 50,174
847,Headlights - Dual-Beam,180
873,Patch Kit/8 Patches,180
851,Men's Sports Shorts, XL,180
864,Classic Vest, S,180
714,Long-Sleeve Logo Jersey, M,180
709,Mountain Bike Socks, M,180
760,Road-650 Red, 60,185
790,Road-250 Red, 48,185
966,Touring-1000 Blue, 46,185
973,Road-350-W Yellow, 40,185
795,Road-250 Black, 52,188
782,Mountain-200 Black, 38,188
767,Road-650 Black, 62,188
776,Mountain-100 Black, 42,194
988,Mountain-500 Silver, 52,194
999,Road-750 Black, 52,194
964,Touring-3000 Yellow, 58,197
959,Touring-3000 Blue, 58,204
865,Classic Vest, M,216
848,Headlights - Weatherproof,216
867,Women's Mountain Shorts, S,216
715,Long-Sleeve Logo Jersey, L,216
710,Mountain Bike Socks, L,216
711,Sport-100 Helmet, Blue,216
750,Road-150 Red, 44,223
763,Road-650 Red, 48,223
780,Mountain-200 Silver, 42,223
786,Mountain-300 Black, 40,223
792,Road-250 Red, 58,227
799,Road-550-W Yellow, 42,227
770,Road-650 Black, 52,227
971,Touring-2000 Blue, 50,227
976,Road-350-W Yellow, 48,227
868,Women's Mountain Shorts, M,252
874,Racing Socks, M,252
870,Water Bottle - 30 oz.,252
866,Classic Vest, L,252
843,Cable Lock,252
716,Long-Sleeve Logo Jersey, XL,252
707,Sport-100 Helmet, Red,288
712,AWC Logo Cap,288
844,Minipump,288
871,Mountain Bottle Cage,288
875,Racing Socks, L,288
869,Women's Mountain Shorts, L,288
841,Men's Sports Shorts, S,288
881,Short-Sleeve Classic Jersey, S,324
858,Half-Finger Gloves, S,324
872,Road Bottle Cage,324
845,Mountain Pump,324
852,Women's Tights, S,324
708,Sport-100 Helmet, Black,324
910,HL Mountain Seat/Saddle,355
915,ML Touring Seat/Saddle,402
679,Rear Derailleur Cage,421
909,ML Mountain Seat/Saddle,422
318,ML Crankarm,439
524,HL Spindle/Axle,459
913,HL Road Seat/Saddle,467
934,Touring Tire,482
931,LL Road Tire,488
939,ML Road Pedal,494
938,LL Road Pedal,498
930,HL Mountain Tire,499
923,Touring Tire Tube,502
937,HL Mountain Pedal,503
922,Road Tire Tube,505
936,ML Mountain Pedal,507
935,LL Mountain Pedal,512
523,LL Spindle/Axle,512
933,HL Road Tire,527
921,Mountain Tire Tube,529
932,ML Road Tire,574
952,Chain,589
317,LL Crankarm,593
351,Front Derailleur Cage,605
928,LL Mountain Tire,609
512,HL Road Rim,615
534,Top Tube,657
929,ML Mountain Tire,669
820,HL Road Front Wheel,678
823,LL Mountain Rear Wheel,681
944,LL Mountain Frame - Silver, 40,682
358,HL Grip Tape,693
462,Lower Head Race,701
828,HL Road Rear Wheel,716
943,LL Mountain Frame - Black, 40,719
815,LL Mountain Front Wheel,722
510,LL Road Rim,722
907,Rear Brakes,723
386,Hex Nut 1,725
357,ML Grip Tape,736
821,Touring Front Wheel,736
748,HL Mountain Frame - Silver, 38,738
511,ML Road Rim,740
829,Touring Rear Wheel,741
805,LL Headset,761
814,ML Mountain Frame - Black, 38,767
948,Front Brakes,767
380,Hex Nut 8,770
806,ML Headset,772
352,Front Derailleur Linkage,773
412,Internal Lock Washer 3,776
356,LL Grip Tape,780
530,Seat Post,780
807,HL Headset,782
825,HL Mountain Rear Wheel,783
395,Hex Nut 4,784
381,Hex Nut 9,789
400,LL Hub,790
947,HL Touring Handlebars,792
819,ML Road Front Wheel,793
822,ML Road Frame-W - Yellow, 38,796
529,Stem,796
514,LL Mountain Seat Assembly,797
401,HL Hub,797
319,HL Crankarm,797
388,Hex Nut 11,798
390,Hex Nut 20,798
826,LL Road Rear Wheel,799
914,LL Touring Seat/Saddle,801
531,Steerer,801
515,ML Mountain Seat Assembly,802
946,LL Touring Handlebars,802
516,HL Mountain Seat Assembly,807
382,Hex Nut 22,808
391,Hex Nut 21,809
908,LL Mountain Seat/Saddle,809
813,HL Road Handlebars,811
824,ML Mountain Rear Wheel,812
517,LL Road Seat Assembly,812
994,LL Bottom Bracket,814
995,ML Bottom Bracket,816
518,ML Road Seat Assembly,816
392,Hex Nut 3,818
816,ML Mountain Front Wheel,818
384,Hex Nut 12,820
519,HL Road Seat Assembly,821
355,Guide Pulley,822
812,ML Road Handlebars,822
942,ML Mountain Frame-W - Silver, 38,826
520,LL Touring Seat Assembly,826
506,Reflector,827
521,ML Touring Seat Assembly,831
533,Seat Tube,831
811,LL Road Handlebars,831
817,HL Mountain Front Wheel,831
747,HL Mountain Frame - Black, 38,834
535,Tension Pulley,836
522,HL Touring Seat Assembly,836
827,ML Road Rear Wheel,837
810,HL Mountain Handlebars,840
332,Freewheel,844
894,Rear Derailleur,847
809,ML Mountain Handlebars,850
945,Front Derailleur,853
808,LL Mountain Handlebars,859
802,LL Fork,863
803,ML Fork,882
370,Thin-Jam Hex Nut 14,883
941,Touring Pedal,885
949,LL Crankset,885
818,LL Road Front Wheel,888
347,Flat Washer 8,896
372,Thin-Jam Hex Nut 8,897
804,HL Fork,901
912,ML Road Seat/Saddle,901
950,ML Crankset,905
421,Internal Lock Washer 2,905
373,Thin-Jam Hex Nut 12,906
940,HL Road Pedal,906
911,LL Road Seat/Saddle,906
420,Internal Lock Washer 8,909
394,Hex Nut 15,911
348,Flat Washer 5,911
419,Internal Lock Washer 1,914
374,Thin-Jam Hex Nut 11,916
418,Internal Lock Washer 10,919
491,HL Nipple,922
951,HL Crankset,923
485,Metal Sheet 4,924
482,Metal Sheet 2,924
375,Hex Nut 5,925
378,Hex Nut 17,926
349,Flat Washer 7,926
488,Metal Sheet 1,935
345,Flat Washer 4,936
377,Hex Nut 16,941
406,External Lock Washer 5,952
405,External Lock Washer 9,963
505,Cone-Shaped Race,970
996,HL Bottom Bracket,970
404,External Lock Washer 4,972
497,Pinch Bolt,973
403,External Lock Washer 3,981
916,HL Touring Seat/Saddle,989
402,Keyed Washer,990
487,Metal Sheet 6,992
481,Metal Plate 3,997
484,Metal Sheet 7,997
362,Thin-Jam Hex Nut 2,1026
366,Thin-Jam Hex Nut 6,1029
479,Metal Plate 2,1029
410,External Lock Washer 8,1037
409,External Lock Washer 1,1046
364,Thin-Jam Hex Nut 16,1052
408,External Lock Washer 6,1057
344,Flat Washer 9,1072
477,Metal Bar 1,1079
476,Metal Angle,1083
504,Cup-Shaped Race,1084
369,Thin-Jam Hex Nut 13,1084
360,Thin-Jam Hex Nut 10,1084
1,Adjustable Race,1085
416,Internal Lock Washer 7,1090
342,Flat Washer 6,1093
341,Flat Washer 1,1103
359,Thin-Jam Hex Nut 9,1103
368,Thin-Jam Hex Nut 4,1103
415,Internal Lock Washer 5,1104
2,Bearing Ball,1109
414,Internal Lock Washer 9,1119
320,Chainring Bolts,1136
526,HL Shell,1211
507,LL Mountain Rim,1215
508,ML Mountain Rim,1231
509,HL Mountain Rim,1247
532,Seat Stays,1257
525,LL Shell,1263
399,Head Tube,1308
4,Headset Ball Bearings,1322
398,Handlebar Tube,1326
350,Fork Crown,1341
3,BB Ball Bearing,1352
316,Blade,1361
327,Down Tube,1364
513,Touring Rim,1364
331,Fork End,1405
450,Lock Nut 10,1546
451,Lock Nut 11,1556
449,Lock Nut 1,1560
452,Lock Nut 2,1565
330,Touring End Caps,1571
453,Lock Nut 20,1575
448,Lock Nut 13,1575
454,Lock Nut 21,1584
447,Lock Nut 12,1589
527,Spokes,1590
455,Lock Nut 3,1594
430,Thin-Jam Lock Nut 3,1594
429,Thin-Jam Lock Nut 6,1599
329,Road End Caps,1601
428,Thin-Jam Lock Nut 5,1604
431,Thin-Jam Lock Nut 4,1604
456,Lock Nut 14,1604
446,Lock Nut 23,1604
427,Thin-Jam Lock Nut 16,1608
426,Thin-Jam Lock Nut 15,1613
432,Thin-Jam Lock Nut 13,1613
457,Lock Nut 15,1613
411,External Lock Washer 2,1614
445,Lock Nut 22,1618
425,Thin-Jam Lock Nut 2,1618
424,Thin-Jam Lock Nut 1,1623
433,Thin-Jam Lock Nut 14,1623
458,Lock Nut 4,1623
423,Thin-Jam Lock Nut 10,1628
328,Mountain End Caps,1629
324,Chain Stays,1629
361,Thin-Jam Hex Nut 1,1631
434,Thin-Jam Lock Nut 7,1632
459,Lock Nut 19,1632
444,Lock Nut 9,1632
422,Thin-Jam Lock Nut 9,1632
460,Lock Nut 18,1642
435,Thin-Jam Lock Nut 8,1642
443,Lock Nut 8,1647
461,Lock Ring,1652
436,Thin-Jam Lock Nut 12,1652
397,Hex Nut 19,1652
528,Seat Lug,1653
480,Metal Plate 1,1661
486,Metal Sheet 5,1661
437,Thin-Jam Lock Nut 11,1661
442,Lock Nut 7,1661
438,Lock Nut 5,1671
407,External Lock Washer 7,1672
343,Flat Washer 2,1673
441,Lock Nut 17,1676
439,Lock Nut 6,1680
483,Metal Sheet 3,1681
322,Chainring,1684
323,Crown Race,1684
326,Decal 2,1684
463,Lock Washer 4,1685
478,Metal Bar 2,1687
464,Lock Washer 5,1690
440,Lock Nut 16,1690
465,Lock Washer 10,1695
466,Lock Washer 6,1700
346,Flat Washer 3,1702
413,Internal Lock Washer 4,1703
467,Lock Washer 13,1704
468,Lock Washer 8,1709
469,Lock Washer 1,1714
417,Internal Lock Washer 6,1715
470,Lock Washer 7,1719
365,Thin-Jam Hex Nut 5,1721
471,Lock Washer 12,1724
472,Lock Washer 2,1728
473,Lock Washer 9,1733
474,Lock Washer 3,1738
475,Lock Washer 11,1743
325,Decal 1,1750
321,Chainring Nut,1750
363,Thin-Jam Hex Nut 15,1761
385,Hex Nut 13,1778
490,LL Nipple,1780
376,Hex Nut 6,1781
371,Thin-Jam Hex Nut 7,1781
389,Hex Nut 2,1808
396,Hex Nut 18,1824
489,Metal Tread Plate,1837
393,Hex Nut 14,1880
387,Hex Nut 10,1888
383,Hex Nut 23,1901
367,Thin-Jam Hex Nut 3,1901
379,Hex Nut 7,1911

(432 rows affected)
